{
  "season": "2014-15",
  "mean_gsw_slope": 0.033107323318697784,
  "mean_gsw_variance": 8.018026823305165,
  "mean_cle_slope": 0.03197765481165903,
  "mean_cle_variance": 6.894096376118352,
  "n_games_gsw": 6,
  "n_games_cle": 6,
  "n_residuals_gsw": 661,
  "n_residuals_cle": 661
}