{
  "season": "2015-16",
  "mean_gsw_slope": 0.034629943877237286,
  "mean_gsw_variance": 5.419377659886195,
  "mean_cle_slope": 0.036760514891432554,
  "mean_cle_variance": 8.453415844313305,
  "n_games_gsw": 7,
  "n_games_cle": 7,
  "n_residuals_gsw": 792,
  "n_residuals_cle": 792
}